{"id":"5F1CFBE2-8890-410B-9856-6DDA63254AE6","validationEntity":{"analysedDataType":"auto","dataResult":{"createdDate":"2023-08-30T09:54:57Z"}},"modelEntity":{"createdDate":"2023-08-30T09:54:52Z","id":"46534420-B64E-4F69-B50C-91B1F9FEF8F7","experimentID":"5F1CFBE2-8890-410B-9856-6DDA63254AE6","title":"","modifiedDate":"2023-08-30T09:54:52Z","preferredFilename":"","version":"1.0","modelURL":"Models\/Cars%201.mlmodel"},"version":"1.0","settingEntity":{"augmentations":[],"suggestedColumns":["X1","modelo","extras","kilometraje","estado","precio"],"targetColumn":"precio","seedType":"default","transferLearningEmbeddingType":"dynamic","handPoseClassifierAugmentations":[],"featureNames":["modelo","extras","kilometraje","estado"],"algorithmType":"maxEnt","harVideoAugmentations":0,"taskType":"generalRegresor","suggestedColumnValues":["1, 2, 3, 4, 5, 6, 7, 8, 9, 10, 11, 12, 13, 14, 15, 16, 17, 18, 19, 20, 21, 22, 23, 24, 25, 26, 27, 28, 29, 30","1, 1, 2, 0, 2, 0, 1, 0, 0, 1, 0, 1, 2, 2, 0, 0, 2, 1, 0, 1, 2, 2, 0, 0, 1, 1, 2, 1, 0, 1","0, 1, 0, 0, 1, 1, 0, 0, 1, 1, 1, 1, 0, 1, 0, 0, 0, 0, 1, 1, 1, 1, 0, 1, 0, 0, 0, 1, 0, 1","69.365, 31.221, 65.078, 28.807, 73.769, 101.527, 77.920, 424, 8.235, 76.164, 65.327, 66.198, 14.124, 26.290, 3.778, 71.417, 34.985, 1.340, 21.028, 73.023, 62.985, 65.398, 38.423, 9.723, 97.708, 76.198, 7.866, 9.016, 26.074, 60.309","2, 2, 2, 1, 1, 0, 3, 1, 2, 2, 2, 3, 3, 3, 2, 0, 2, 2, 3, 0, 1, 0, 3, 0, 3, 1, 2, 2, 1, 1","24.614, 29.820, 34.568, 9.128, 15.430, 3.065, 26.784, 9.652, 13.221, 21.142, 8.525, 24.992, 36.693, 45.842, 12.602, 6.336, 32.307, 29.786, 14.013, 13.953, 19.648, 14.245, 10.788, 6.533, 17.493, 18.994, 41.622, 34.326, 4.710, 12.461"],"handActionClassifierAugmentations":[],"suggestedColumnTypes":["String","Int","Int","Int","Int","Int"],"styleTransferAlgorithmType":"image","generalRegressorType":{"auto":{}}},"state":"trained","trainingEntity":{"finishTime":"2023-08-30T09:55:25Z","validationResults":{"generalRegressor":{"maximumError":10012.6279296875,"rootMeanSquaredError":3704.1175223151445}},"dataURL":"file:\/\/\/Users\/juangabriel\/Developer\/Github\/ios-11\/full-projects\/cars\/cars.csv","dataResult":{"itemsCount":1000,"createdDate":"2023-08-30T09:54:57Z","dataURL":"file:\/\/\/Users\/juangabriel\/Developer\/Github\/ios-11\/full-projects\/cars\/cars.csv","columnTypes":["String","Int","Int","Int","Int","Int"],"columns":["X1","modelo","extras","kilometraje","estado","precio"],"dataSourceID":"6AC67D97-D263-42DB-AC52-5AD36A202491","columnValues":["1, 2, 3, 4, 5, 6, 7, 8, 9, 10, 11, 12, 13, 14, 15, 16, 17, 18, 19, 20, 21, 22, 23, 24, 25, 26, 27, 28, 29, 30","1, 1, 2, 0, 2, 0, 1, 0, 0, 1, 0, 1, 2, 2, 0, 0, 2, 1, 0, 1, 2, 2, 0, 0, 1, 1, 2, 1, 0, 1","0, 1, 0, 0, 1, 1, 0, 0, 1, 1, 1, 1, 0, 1, 0, 0, 0, 0, 1, 1, 1, 1, 0, 1, 0, 0, 0, 1, 0, 1","69.365, 31.221, 65.078, 28.807, 73.769, 101.527, 77.920, 424, 8.235, 76.164, 65.327, 66.198, 14.124, 26.290, 3.778, 71.417, 34.985, 1.340, 21.028, 73.023, 62.985, 65.398, 38.423, 9.723, 97.708, 76.198, 7.866, 9.016, 26.074, 60.309","2, 2, 2, 1, 1, 0, 3, 1, 2, 2, 2, 3, 3, 3, 2, 0, 2, 2, 3, 0, 1, 0, 3, 0, 3, 1, 2, 2, 1, 1","24.614, 29.820, 34.568, 9.128, 15.430, 3.065, 26.784, 9.652, 13.221, 21.142, 8.525, 24.992, 36.693, 45.842, 12.602, 6.336, 32.307, 29.786, 14.013, 13.953, 19.648, 14.245, 10.788, 6.533, 17.493, 18.994, 41.622, 34.326, 4.710, 12.461"],"targetRange":[2325,59727],"dataAnalysis":{"issues":[{"description":"Data has 1000 rows","severity":"info"}],"regressorAnalysis":{"targetRange":[2325,59727]},"classifierAnalysis":{},"summary":{"canUseValidation":1,"sampleCount":1000}}},"trainingResults":{"generalRegressor":{"maximumError":17853.650390625,"rootMeanSquaredError":3389.5031122452701}},"progress":[],"trainingAccuracy":3389.5031122452701,"checkpointMetrics":{},"analysedDataType":"datasource","dataSourceID":"6AC67D97-D263-42DB-AC52-5AD36A202491","snapshottableCheckpoints":{},"featureExtractionCheckpointMayBeAvailable":false,"validationAccuracy":3704.1175223151445,"startTime":"2023-08-30T09:55:24Z"},"createdDate":"2023-08-30T09:54:52Z","evaluationContainerEntity":{"testingEvaluationEntity":{"id":"4d9ee9e7-0426-4fdd-a5dc-6e1ec344c14a","createdDate":"2023-08-30T09:54:52Z","dataResult":{"createdDate":"2023-08-30T09:54:57Z"},"analysedDataType":"none"},"createdDate":"2023-08-30T09:55:30Z","id":"00f7ad08-4423-468d-9fed-4ec87e1c6000","trainingEvaluationEntity":{"evaluationResult":{"generalRegressor":{"maximumError":17853.650390625,"rootMeanSquaredError":3389.5031122452701}},"createdDate":"2023-08-30T09:54:52Z","id":"8cbbf5a8-3175-4cfb-b433-81ad69d3932e","dataURL":"file:\/\/\/Users\/juangabriel\/Developer\/Github\/ios-11\/full-projects\/cars\/cars.csv","dataSourceID":"6AC67D97-D263-42DB-AC52-5AD36A202491","dataResult":{"itemsCount":1000,"createdDate":"2023-08-30T09:54:57Z","targetRange":[2325,59727],"dataURL":"file:\/\/\/Users\/juangabriel\/Developer\/Github\/ios-11\/full-projects\/cars\/cars.csv","dataSourceID":"6AC67D97-D263-42DB-AC52-5AD36A202491","dataAnalysis":{"issues":[{"description":"Data has 1000 rows","severity":"info"}],"regressorAnalysis":{"targetRange":[2325,59727]},"classifierAnalysis":{},"summary":{"canUseValidation":1,"sampleCount":1000}}},"analysedDataType":"none"},"previewType":"tabularRegressor","modifiedDate":"2023-08-30T09:55:30Z","validationEvaluationEntity":{"id":"4d8a3e02-8ce4-4713-8ffb-2bb6865b6a36","createdDate":"2023-08-30T09:54:52Z","dataResult":{"createdDate":"2023-08-30T09:54:57Z"},"analysedDataType":"auto","evaluationResult":{"generalRegressor":{"maximumError":10012.6279296875,"rootMeanSquaredError":3704.1175223151445}}},"evaluationEntities":[{"id":"2c628e07-a7b7-4dec-99b5-73c25ebfb979","createdDate":"2023-08-30T09:55:30Z","dataResult":{},"analysedDataType":"none"}]},"activityEntities":["trainingFinished",[{"id":"A868D8B7-89BF-4E4C-A1CC-965A84224440","title":"Training Completed","createdDate":"2023-08-30T09:55:25Z","event":"trainingFinished","subtitle":"Cars 1"}],"experimentCreated",[{"id":"BB6C6443-9C08-47D0-ACDF-4485DE9DFC75","title":"Model Source Created","createdDate":"2023-08-30T09:54:52Z","event":"experimentCreated","subtitle":"Cars 1"}],"trainingStarted",[{"id":"9C4BD3D3-E8E0-4AFB-AAD8-F27A64D4E3AF","title":"Training Started","createdDate":"2023-08-30T09:55:24Z","event":"trainingStarted","subtitle":"Cars 1"}],"trainingDataAdded",[{"id":"6C738B99-B6FA-4DF7-A082-479D37ACEA41","title":"Training Data Added","createdDate":"2023-08-30T09:54:57Z","event":"trainingDataAdded","subtitle":"cars.csv"}]],"evaluationState":"uninitialized","title":"Cars 1","evaluationEntity":{"id":"98a4c02e-0e8e-406c-95bf-086d97401395","analysedDataType":"none","dataResult":{}},"snapshotRole":{"withoutSnapshots":0},"contentDataResult":{"createdDate":"2023-08-30T09:54:57Z"},"modifiedDate":"2023-08-30T09:55:30Z","preferredFilename":"Cars 1"}