{"dataURL":"file:\/\/\/Users\/juangabriel\/Developer\/Github\/ios-11\/full-projects\/cars\/cars.csv","id":"6AC67D97-D263-42DB-AC52-5AD36A202491","createdDate":"2023-08-30T09:54:57Z","title":"cars.csv","modifiedDate":"2023-08-30T09:55:24Z","preferredFilename":"cars.csv","version":"1.0","dataResult":{"dataURL":"file:\/\/\/Users\/juangabriel\/Developer\/Github\/ios-11\/full-projects\/cars\/cars.csv","createdDate":"2023-08-30T09:54:57Z","dataSourceID":"6AC67D97-D263-42DB-AC52-5AD36A202491"},"activityEntities":["dataSourceTrainingStarted",[{"id":"D99C6AB6-D5B1-44E6-90BC-C8BCA411F59E","title":"Used By","createdDate":"2023-08-30T09:55:24Z","event":"dataSourceTrainingStarted","subtitle":"Cars 1"}],"dataSourceMetrics",[{"id":"FC0C6AD1-A1EC-4E92-A578-5B185E093162","title":"Data Summary","createdDate":"2023-08-30T09:55:24Z","event":"dataSourceMetrics","subtitle":"1.000 Items"}]],"pathType":0,"experimentIDs":["5F1CFBE2-8890-410B-9856-6DDA63254AE6"]}